{
  "hash": "946b06ba",
  "configHash": "fd255df1",
  "lockfileHash": "b799b2b4",
  "browserHash": "6db36a28",
  "optimized": {
    "@angular/cdk/layout": {
      "src": "../../../../../node_modules/@angular/cdk/fesm2022/layout.mjs",
      "file": "@angular_cdk_layout.js",
      "fileHash": "90293188",
      "needsInterop": false
    },
    "@angular/common": {
      "src": "../../../../../node_modules/@angular/common/fesm2022/common.mjs",
      "file": "@angular_common.js",
      "fileHash": "0c089525",
      "needsInterop": false
    },
    "@angular/core": {
      "src": "../../../../../node_modules/@angular/core/fesm2022/core.mjs",
      "file": "@angular_core.js",
      "fileHash": "9ace9eb6",
      "needsInterop": false
    },
    "@angular/platform-browser": {
      "src": "../../../../../node_modules/@angular/platform-browser/fesm2022/platform-browser.mjs",
      "file": "@angular_platform-browser.js",
      "fileHash": "18a8e73e",
      "needsInterop": false
    },
    "@angular/router": {
      "src": "../../../../../node_modules/@angular/router/fesm2022/router.mjs",
      "file": "@angular_router.js",
      "fileHash": "94a20f9c",
      "needsInterop": false
    },
    "devextreme-angular": {
      "src": "../../../../../node_modules/devextreme-angular/fesm2022/devextreme-angular.mjs",
      "file": "devextreme-angular.js",
      "fileHash": "552357df",
      "needsInterop": false
    },
    "devextreme-angular/core": {
      "src": "../../../../../node_modules/devextreme-angular/fesm2022/devextreme-angular-core.mjs",
      "file": "devextreme-angular_core.js",
      "fileHash": "89e28a82",
      "needsInterop": false
    },
    "devextreme-angular/http": {
      "src": "../../../../../node_modules/devextreme-angular/fesm2022/devextreme-angular-http.mjs",
      "file": "devextreme-angular_http.js",
      "fileHash": "a4541051",
      "needsInterop": false
    },
    "devextreme-angular/ui/button": {
      "src": "../../../../../node_modules/devextreme-angular/fesm2022/devextreme-angular-ui-button.mjs",
      "file": "devextreme-angular_ui_button.js",
      "fileHash": "361d1e72",
      "needsInterop": false
    },
    "devextreme-angular/ui/context-menu": {
      "src": "../../../../../node_modules/devextreme-angular/fesm2022/devextreme-angular-ui-context-menu.mjs",
      "file": "devextreme-angular_ui_context-menu.js",
      "fileHash": "cda3e0f8",
      "needsInterop": false
    },
    "devextreme-angular/ui/drawer": {
      "src": "../../../../../node_modules/devextreme-angular/fesm2022/devextreme-angular-ui-drawer.mjs",
      "file": "devextreme-angular_ui_drawer.js",
      "fileHash": "ca79df8f",
      "needsInterop": false
    },
    "devextreme-angular/ui/form": {
      "src": "../../../../../node_modules/devextreme-angular/fesm2022/devextreme-angular-ui-form.mjs",
      "file": "devextreme-angular_ui_form.js",
      "fileHash": "fe9a52bd",
      "needsInterop": false
    },
    "devextreme-angular/ui/list": {
      "src": "../../../../../node_modules/devextreme-angular/fesm2022/devextreme-angular-ui-list.mjs",
      "file": "devextreme-angular_ui_list.js",
      "fileHash": "8c8ee426",
      "needsInterop": false
    },
    "devextreme-angular/ui/load-indicator": {
      "src": "../../../../../node_modules/devextreme-angular/fesm2022/devextreme-angular-ui-load-indicator.mjs",
      "file": "devextreme-angular_ui_load-indicator.js",
      "fileHash": "b31cf6e0",
      "needsInterop": false
    },
    "devextreme-angular/ui/nested": {
      "src": "../../../../../node_modules/devextreme-angular/fesm2022/devextreme-angular-ui-nested.mjs",
      "file": "devextreme-angular_ui_nested.js",
      "fileHash": "90a8fed0",
      "needsInterop": false
    },
    "devextreme-angular/ui/scroll-view": {
      "src": "../../../../../node_modules/devextreme-angular/fesm2022/devextreme-angular-ui-scroll-view.mjs",
      "file": "devextreme-angular_ui_scroll-view.js",
      "fileHash": "8ece12d5",
      "needsInterop": false
    },
    "devextreme-angular/ui/toolbar": {
      "src": "../../../../../node_modules/devextreme-angular/fesm2022/devextreme-angular-ui-toolbar.mjs",
      "file": "devextreme-angular_ui_toolbar.js",
      "fileHash": "010e2ba0",
      "needsInterop": false
    },
    "devextreme-angular/ui/tree-view": {
      "src": "../../../../../node_modules/devextreme-angular/fesm2022/devextreme-angular-ui-tree-view.mjs",
      "file": "devextreme-angular_ui_tree-view.js",
      "fileHash": "c58c5eb0",
      "needsInterop": false
    },
    "devextreme/data/odata/store": {
      "src": "../../../../../node_modules/devextreme/esm/data/odata/store.js",
      "file": "devextreme_data_odata_store.js",
      "fileHash": "f35285e5",
      "needsInterop": false
    },
    "devextreme/events": {
      "src": "../../../../../node_modules/devextreme/esm/events/index.js",
      "file": "devextreme_events.js",
      "fileHash": "9762de2c",
      "needsInterop": false
    },
    "devextreme/ui/notify": {
      "src": "../../../../../node_modules/devextreme/esm/ui/notify.js",
      "file": "devextreme_ui_notify.js",
      "fileHash": "c1a27bde",
      "needsInterop": false
    },
    "devextreme/ui/themes": {
      "src": "../../../../../node_modules/devextreme/esm/ui/themes.js",
      "file": "devextreme_ui_themes.js",
      "fileHash": "d850f0a1",
      "needsInterop": false
    }
  },
  "chunks": {
    "chunk-UAIMO56J": {
      "file": "chunk-UAIMO56J.js"
    },
    "chunk-QQCHMMO3": {
      "file": "chunk-QQCHMMO3.js"
    },
    "chunk-IWOFADVS": {
      "file": "chunk-IWOFADVS.js"
    },
    "chunk-YZ4JHY36": {
      "file": "chunk-YZ4JHY36.js"
    },
    "chunk-5XHO6JIR": {
      "file": "chunk-5XHO6JIR.js"
    },
    "chunk-XWJ4YLWA": {
      "file": "chunk-XWJ4YLWA.js"
    },
    "chunk-QIILLVT5": {
      "file": "chunk-QIILLVT5.js"
    },
    "chunk-FJ67NK4V": {
      "file": "chunk-FJ67NK4V.js"
    },
    "chunk-X7C6WMP5": {
      "file": "chunk-X7C6WMP5.js"
    },
    "chunk-XD7WBKIG": {
      "file": "chunk-XD7WBKIG.js"
    },
    "chunk-7MX4NZCL": {
      "file": "chunk-7MX4NZCL.js"
    },
    "chunk-XDNOGNY2": {
      "file": "chunk-XDNOGNY2.js"
    },
    "chunk-L2KSDGQO": {
      "file": "chunk-L2KSDGQO.js"
    },
    "chunk-SQEIDRS4": {
      "file": "chunk-SQEIDRS4.js"
    },
    "chunk-RWRRUNZ4": {
      "file": "chunk-RWRRUNZ4.js"
    },
    "chunk-FJ3U3IHZ": {
      "file": "chunk-FJ3U3IHZ.js"
    },
    "chunk-G3IF5HS3": {
      "file": "chunk-G3IF5HS3.js"
    },
    "chunk-VRGBSUXM": {
      "file": "chunk-VRGBSUXM.js"
    },
    "chunk-T7YQMDRE": {
      "file": "chunk-T7YQMDRE.js"
    },
    "chunk-3UEUMB2C": {
      "file": "chunk-3UEUMB2C.js"
    },
    "chunk-7WJHXR3Y": {
      "file": "chunk-7WJHXR3Y.js"
    },
    "chunk-FU2NNGS6": {
      "file": "chunk-FU2NNGS6.js"
    },
    "chunk-X3V77ZBF": {
      "file": "chunk-X3V77ZBF.js"
    },
    "chunk-G6YLJM3X": {
      "file": "chunk-G6YLJM3X.js"
    },
    "chunk-NB6G4GLF": {
      "file": "chunk-NB6G4GLF.js"
    },
    "chunk-H4MEN2W7": {
      "file": "chunk-H4MEN2W7.js"
    },
    "chunk-BDTQNDWY": {
      "file": "chunk-BDTQNDWY.js"
    },
    "chunk-CSW63CAV": {
      "file": "chunk-CSW63CAV.js"
    },
    "chunk-ZLMLMAKO": {
      "file": "chunk-ZLMLMAKO.js"
    },
    "chunk-JRKT3UGX": {
      "file": "chunk-JRKT3UGX.js"
    },
    "chunk-MY7IBGWI": {
      "file": "chunk-MY7IBGWI.js"
    },
    "chunk-GJ5KWMNN": {
      "file": "chunk-GJ5KWMNN.js"
    },
    "chunk-XU5XMUT7": {
      "file": "chunk-XU5XMUT7.js"
    },
    "chunk-X73RLF6Y": {
      "file": "chunk-X73RLF6Y.js"
    },
    "chunk-25VDHZLA": {
      "file": "chunk-25VDHZLA.js"
    },
    "chunk-IMMMCDPJ": {
      "file": "chunk-IMMMCDPJ.js"
    },
    "chunk-JWCECMBJ": {
      "file": "chunk-JWCECMBJ.js"
    },
    "chunk-4J52MU3J": {
      "file": "chunk-4J52MU3J.js"
    },
    "chunk-M4HNHSVV": {
      "file": "chunk-M4HNHSVV.js"
    },
    "chunk-PJXMQ5JC": {
      "file": "chunk-PJXMQ5JC.js"
    },
    "chunk-IY7TXKCY": {
      "file": "chunk-IY7TXKCY.js"
    },
    "chunk-E4ZFM5M7": {
      "file": "chunk-E4ZFM5M7.js"
    },
    "chunk-EVP23SIF": {
      "file": "chunk-EVP23SIF.js"
    },
    "chunk-V6EUNM2D": {
      "file": "chunk-V6EUNM2D.js"
    },
    "chunk-ORYCWD4C": {
      "file": "chunk-ORYCWD4C.js"
    },
    "chunk-I2242OIJ": {
      "file": "chunk-I2242OIJ.js"
    },
    "chunk-N6ESDQJH": {
      "file": "chunk-N6ESDQJH.js"
    }
  }
}